<?xml version="1.0" encoding="UTF-8"?>
<addon id="plugin.video.fvideo" version="6.0.6" name="FVideo" provider-name="Choehn">
<requires>
  <import addon="xbmc.python" version="3.0.0"/>
</requires>
<extension point="xbmc.python.pluginsource" library="main.py">
  <provides>video</provides>
</extension>
<extension point="xbmc.addon.metadata">
  <summary lang="en">Xem video tu Fshare</summary>
  <description lang="en_GB">Xem video tu Fshare</description>
  <disclaimer lang="en_GB">Noi dung tu FShare</disclaimer>
  <assets>
    <icon>icon.png</icon>
    <fanart>fanart.jpg</fanart>  
  </assets>
  <news>Can co tai khoan Fshare</news>
</extension>
</addon>