<?xml version="1.0" encoding="UTF-8"?>
<addon id="plugin.video.fvideo" version="6.0.8" name="FVideo" provider-name="Choehn">
<requires>
  <import addon="xbmc.python" version="3.0.0"/>
  <import addon="script.module.requests" version="2.22.0" />
  <import addon="script.module.simplejson" version="3.16.1" />
</requires>
<extension point="xbmc.python.pluginsource" library="main.py">
  <provides>video</provides>
</extension>
<extension point="xbmc.addon.metadata">
  <summary lang="en">Xem video tu Fshare</summary>
  <description lang="en_GB">Thong tin lay tu Google, thuvienhd.com, bien tap</description>
  <disclaimer lang="en_GB">Noi dung Video</disclaimer>
  <assets>
    <icon>icon.png</icon>
    <fanart>fanart.jpg</fanart>  
  </assets>
  <news>Can co tai khoan Fshare</news>
</extension>
</addon>