<?xml version="1.0" encoding="UTF-8"?>
<addon id="plugin.video.fvideo" version="6.0.5" name="FVideo" provider-name="Choehn">
<requires>
  <import addon="xbmc.python" version="3.0.0"/>
</requires>
<extension point="xbmc.python.pluginsource" library="main.py">
  <provides>video</provides>
</extension>
<extension point="xbmc.addon.metadata">
  <summary lang="en">summary: FVideo</summary>
  <description lang="en_GB">description: FVideo</description>
  <disclaimer lang="en_GB">disclaimer: Free sample videos are provided by FShare</disclaimer>
  <assets>
    <icon>icon.png</icon>
    <fanart>fanart.jpg</fanart>  
  </assets>
  <news>news: Updated with latest artwork metadata</news>
</extension>
</addon>