<?xml version="1.0" encoding="UTF-8" standalone="yes"?>
<addon id="plugin.video.fvideo" name="FVideo" version="6.0.2" provider-name="Choehn">
	<requires>
	  <import addon="xbmc.python" version="3.0.0"/>
	</requires>
	<extension point="xbmc.python.pluginsource" library="main.py">
	  <provides>video</provides>
	</extension>
	
    <extension point="xbmc.addon.repository" name="fvideo">
        <dir>
			<info compressed="true">https://raw.githubusercontent.com/taikhoanonlinevn/fvideo/master/plugin.video.fvideo/addon.xml</info>
			<datadir zip="true">https://raw.githubusercontent.com/taikhoanonlinevn/fvideo/master/</datadir>
        </dir>
    </extension>
    <extension point="xbmc.addon.metadata">
        <summary lang="en">summary: FVideo</summary>
        <platform>all</platform>
        <assets>
            <icon>icon.png</icon>
            <fanart>fanart.jpg</fanart>
        </assets>
    </extension>
</addon>